timestamp,start_time_ns,end_time_ns,duration_ns,duration_ms,service_name,trace_id,span_id,parent_span_id,span_name,span_kind,http_method,http_status_code,http_target,http_url,anomaly_type,anomaly_label,anomaly_root_cause,anomaly_msg,span_status,span_status_message,net_peer_name,net_peer_port,datacenter
2026-01-12T08:57:02.723000,1768226222723000000,1768226222726522438,3522438,3.522438,catalogue,60a762f91c72dec1fd7a89035041bd62,0048eb4d1c155c70,,GET /products,2,GET,200,/products,http://catalogue:8080/products,cascading_failure,anomalous,service_dependency_timeout,cascading timeout across services,0,,,56820,
2026-01-12T08:57:04.453000,1768226224453000000,1768226224457992530,4992530,4.99253,catalogue,ed4fe4839fbdfbf8c779eb6bb1a411d2,225467178e86439a,,GET /products,2,GET,200,/products,http://catalogue:8080/products,cascading_failure,anomalous,service_dependency_timeout,cascading timeout across services,0,,,59158,
2026-01-12T08:57:05.590000,1768226225590000000,1768226225594088560,4088560,4.08856,catalogue,c70c00f7d2301f27215b266801872de5,3a270ffe86fcb97f,,GET /product/:sku,2,GET,200,/product/UHJ,http://catalogue:8080/product/UHJ,cascading_failure,anomalous,service_dependency_timeout,cascading timeout across services,0,,,59194,
2026-01-12T08:57:05.858000,1768226225858000000,1768226225862095544,4095544,4.095544,catalogue,b15893ff494976124c6bf368d398cdad,bf9448f0f1142569,,GET /product/:sku,2,GET,200,/product/SHCE,http://catalogue:8080/product/SHCE,cascading_failure,anomalous,service_dependency_timeout,cascading timeout across services,0,,,59208,
2026-01-12T08:57:09.726000,1768226229726000000,1768226229729577852,3577852,3.577852,catalogue,2af907b1eb197bb7a39292c4d9458723,e86048871a4db594,,GET /products,2,GET,200,/products,http://catalogue:8080/products,cascading_failure,anomalous,service_dependency_timeout,cascading timeout across services,0,,,59302,
2026-01-12T08:57:11.863000,1768226231863000000,1768226231868711098,5711098,5.711098,catalogue,82d55d0115d96a1cc62ec2a299549a95,9b2e9231996f5a53,,GET /product/:sku,2,GET,200,/product/SHCE,http://catalogue:8080/product/SHCE,cascading_failure,anomalous,service_dependency_timeout,cascading timeout across services,0,,,59312,
2026-01-12T08:57:52.223000,1768226272223000000,1768226272229064713,6064713,6.064713,catalogue,636669cf03c65dfd95c109ea359d4947,1ac27f999e387c05,,GET /products,2,GET,200,/products,http://catalogue:8080/products,cascading_failure,anomalous,service_dependency_timeout,cascading timeout across services,0,,,50976,
2026-01-12T08:57:52.860000,1768226272860000000,1768226272874007303,14007303,14.007303,cart,7b21f701b3416ed1acee08c9b66e6f53,5b171523a0ee3fa1,,GET /add/:id/:sku/:qty,2,GET,200,/add/4856/RMC/1,http://cart:8080/add/4856/RMC/1,cascading_failure,anomalous,service_dependency_timeout,cascading timeout across services,0,,,44322,
2026-01-12T08:57:54.150000,1768226274150000000,1768226274153468488,3468488,3.468488,cart,adec2fb1f227d48cba7b09cb3ec464ed,6ca6eaa219959159,,GET /cart/:id,2,GET,200,/cart/4856,http://cart:8080/cart/4856,cascading_failure,anomalous,service_dependency_timeout,cascading timeout across services,0,,,44348,
2026-01-12T08:58:21.721000,1768226301721000000,1768226301734108086,13108086,13.108086,cart,9b38d2d59335bb99c46207981caeb897,3569aa93c4db257a,,GET /add/:id/:sku/:qty,2,GET,200,/add/8895/EPE/1,http://cart:8080/add/8895/EPE/1,cascading_failure,anomalous,service_dependency_timeout,cascading timeout across services,0,,,51246,
2026-01-12T08:58:23.006000,1768226303006000000,1768226303008921699,2921699,2.921699,cart,23fd76f044b259e63e3d8cb28b14fbe3,cfa41cea9411019b,,GET /cart/:id,2,GET,200,/cart/8895,http://cart:8080/cart/8895,cascading_failure,anomalous,service_dependency_timeout,cascading timeout across services,0,,,58706,
2026-01-12T08:58:21.087000,1768226301087000000,1768226301090309808,3309808,3.309808,catalogue,5c87e8cf893cc36c0a5481bf4b0ddb90,58f64ecb63a5e559,,GET /products,2,GET,200,/products,http://catalogue:8080/products,cascading_failure,anomalous,service_dependency_timeout,cascading timeout across services,0,,,33588,
2026-01-12T08:59:12.647000,1768226352647000000,1768226352650586889,3586889,3.586889,catalogue,06a1fe8b72b6400f184bfad8177e3afb,30c9098873ab5b81,,GET /products,2,GET,200,/products,http://catalogue:8080/products,cascading_failure,anomalous,service_dependency_timeout,cascading timeout across services,0,,,56704,
2026-01-12T08:59:13.965000,1768226353965000000,1768226353969752806,4752806,4.752806,user,92450ff4abe025d70313f275440e95d9,a4cc2eb1ae871789,,GET /check/:id,2,GET,404,/check/7030,http://user:8080/check/7030,cascading_failure,anomalous,service_dependency_timeout,cascading timeout across services,0,,,40454,
2026-01-12T08:59:14.403000,1768226354403000000,1768226354412745358,9745358,9.745358,cart,44cc7e9fdd49e41d5324c1953f16eb62,9c78bee497191fe1,,GET /add/:id/:sku/:qty,2,GET,404,/add/7030/Ewooid/1,http://cart:8080/add/7030/Ewooid/1,cascading_failure,anomalous,service_dependency_timeout,cascading timeout across services,0,,,33834,
2026-01-12T08:59:13.083000,1768226353083000000,1768226353087783846,4783846,4.783846,catalogue,02b92c691a659c731ad7a4040306b607,1726e1dc2126c91e,,GET /product/:sku,2,GET,200,/product/Ewooid,http://catalogue:8080/product/Ewooid,cascading_failure,anomalous,service_dependency_timeout,cascading timeout across services,0,,,59348,
2026-01-12T08:59:14.847000,1768226354847000000,1768226354851889896,4889896,4.889896,cart,b93780e2978c9def252ef017cb46cf2a,1175bd6cd9574ba5,,GET /cart/:id,2,GET,404,/cart/7030,http://cart:8080/cart/7030,cascading_failure,anomalous,service_dependency_timeout,cascading timeout across services,0,,,33842,
2026-01-12T08:59:40.225000,1768226380225000000,1768226380264000039,39000039,39.000039,cart,ab31b43f6218edebd789d03dc41ca0e3,880f1a843cee085c,,GET /add/:id/:sku/:qty,2,GET,200,/add/5305/RMC/1,http://cart:8080/add/5305/RMC/1,cascading_failure,anomalous,service_dependency_timeout,cascading timeout across services,0,,,57082,
2026-01-12T08:59:40.598000,1768226380598000000,1768226380608784072,10784072,10.784072,cart,17a57e6c7f67bdaf9fc7c7ee86d1e0cc,9ee5d1aabf3cf85e,,GET /add/:id/:sku/:qty,2,GET,404,/add/5305/Ewooid/1,http://cart:8080/add/5305/Ewooid/1,cascading_failure,anomalous,service_dependency_timeout,cascading timeout across services,0,,,57138,
2026-01-12T08:59:40.943000,1768226380943000000,1768226380956322723,13322723,13.322723,cart,6724daf08d6c6171219181975f8829e6,4dab96a852cce538,,GET /add/:id/:sku/:qty,2,GET,404,/add/5305/Ewooid/1,http://cart:8080/add/5305/Ewooid/1,cascading_failure,anomalous,service_dependency_timeout,cascading timeout across services,0,,,57142,
2026-01-12T08:59:41.293000,1768226381293000000,1768226381298940972,5940972,5.940972,cart,80be17eb8f7052c69d3cbb2538b16c55,199e17b16cace99c,,GET /cart/:id,2,GET,200,/cart/5305,http://cart:8080/cart/5305,cascading_failure,anomalous,service_dependency_timeout,cascading timeout across services,0,,,57168,
2026-01-12T08:59:41.632000,1768226381632000000,1768226381635640945,3640945,3.640945,cart,674feebf6a7a19dc8481871347847952,dbcdcab5e352877b,,GET /cart/:id,2,GET,200,/cart/5305,http://cart:8080/cart/5305,cascading_failure,anomalous,service_dependency_timeout,cascading timeout across services,0,,,57210,
2026-01-12T08:59:41.969000,1768226381969000000,1768226381973142658,4142658,4.142658,cart,579734190d4ffc3fc8ef3f2426fbbfc6,1e716f75457e5ca3,,DELETE /cart/:id,2,DELETE,200,/cart/5305,http://cart:8080/cart/5305,cascading_failure,anomalous,service_dependency_timeout,cascading timeout across services,0,,,57228,
2026-01-12T08:59:47.107000,1768226387107000000,1768226387110283929,3283929,3.283929,catalogue,b37829331399942fa034820143560fe1,9df004b6b71c7424,,GET /product/:sku,2,GET,404,/product/INVALID-1768226387025,http://catalogue:8080/product/INVALID-1768226387025,cascading_failure,anomalous,service_dependency_timeout,cascading timeout across services,0,,,38044,
2026-01-12T08:59:47.541000,1768226387541000000,1768226387552686815,11686815,11.686815,cart,7abe094667ec4e8b247eb67282c76382,81009ac358ec0bd5,,GET /add/:id/:sku/:qty,2,GET,404,/add/199/INVALID-1768226387460/1,http://cart:8080/add/199/INVALID-1768226387460/1,cascading_failure,anomalous,service_dependency_timeout,cascading timeout across services,0,,,37864,
2026-01-12T08:59:47.986000,1768226387986000000,1768226387988996851,2996851,2.996851,cart,208377c3bc4dd5d38be99a2e923cc34b,b442c574755419ec,,GET /cart/:id,2,GET,404,/cart/199,http://cart:8080/cart/199,cascading_failure,anomalous,service_dependency_timeout,cascading timeout across services,0,,,37870,
2026-01-12T08:59:48.106000,1768226388106000000,1768226388118506543,12506543,12.506543,cart,9c340e49d946627386f83787a246e1fb,c422d6537cce3ae8,,GET /add/:id/:sku/:qty,2,GET,404,/add/1912/CNA/1,http://cart:8080/add/1912/CNA/1,cascading_failure,anomalous,service_dependency_timeout,cascading timeout across services,0,,,37884,
2026-01-12T08:59:48.452000,1768226388452000000,1768226388464020709,12020709,12.020709,cart,2946f2c30115245823729a16a5af5eaa,4cfa063c045c7490,,GET /add/:id/:sku/:qty,2,GET,200,/add/1912/UHJ/1,http://cart:8080/add/1912/UHJ/1,cascading_failure,anomalous,service_dependency_timeout,cascading timeout across services,0,,,37900,
2026-01-12T08:59:48.797000,1768226388797000000,1768226388809800581,12800581,12.800581,cart,d7d580b53ccc8b1e7752ff385896fa26,e917ce2e64645a47,,GET /add/:id/:sku/:qty,2,GET,404,/add/1912/Ewooid/1,http://cart:8080/add/1912/Ewooid/1,cascading_failure,anomalous,service_dependency_timeout,cascading timeout across services,0,,,37912,
2026-01-12T08:59:49.144000,1768226389144000000,1768226389146673217,2673217,2.673217,cart,5890ca60a169f8d92c17dfab6c0277c2,fd8b5ff49554d9d6,,GET /cart/:id,2,GET,200,/cart/1912,http://cart:8080/cart/1912,cascading_failure,anomalous,service_dependency_timeout,cascading timeout across services,0,,,37928,
2026-01-12T08:59:49.481000,1768226389481000000,1768226389484491432,3491432,3.491432,cart,813243419f405f46b9565d4eb1eacb2f,9cf01279bd0116be,,GET /cart/:id,2,GET,200,/cart/1912,http://cart:8080/cart/1912,cascading_failure,anomalous,service_dependency_timeout,cascading timeout across services,0,,,37930,
2026-01-12T08:59:49.819000,1768226389819000000,1768226389822034543,3034543,3.034543,cart,be2ac9b86dde6e9b701cc147c0323bbb,fc707d7b9e513275,,DELETE /cart/:id,2,DELETE,200,/cart/1912,http://cart:8080/cart/1912,cascading_failure,anomalous,service_dependency_timeout,cascading timeout across services,0,,,37942,
2026-01-12T08:59:54.958000,1768226394958000000,1768226394972928211,14928211,14.928211,cart,6bd5f33686242fbc9cef16e2af5dad6b,c376964333ee30bf,,GET /add/:id/:sku/:qty,2,GET,200,/add/6818/RED/1,http://cart:8080/add/6818/RED/1,cascading_failure,anomalous,service_dependency_timeout,cascading timeout across services,0,,,57434,
2026-01-12T08:59:55.307000,1768226395307000000,1768226395322514024,15514024,15.514024,cart,70d7be65652956b0a9097579e1f4365b,0fb318524de040f3,,GET /add/:id/:sku/:qty,2,GET,200,/add/6818/RMC/1,http://cart:8080/add/6818/RMC/1,cascading_failure,anomalous,service_dependency_timeout,cascading timeout across services,0,,,57446,
2026-01-12T08:59:55.657000,1768226395657000000,1768226395676163937,19163937,19.163937,cart,3bd071b889bb60f3e62af0a837caacb0,2c7ee8e2cbc66e15,,GET /add/:id/:sku/:qty,2,GET,200,/add/6818/RED/1,http://cart:8080/add/6818/RED/1,cascading_failure,anomalous,service_dependency_timeout,cascading timeout across services,0,,,57460,
2026-01-12T08:59:56.009000,1768226396009000000,1768226396011940464,2940464,2.940464,cart,c0e0d250f39f43948efcbb7bb6a70f97,11c521a3f9347fd4,,GET /cart/:id,2,GET,200,/cart/6818,http://cart:8080/cart/6818,cascading_failure,anomalous,service_dependency_timeout,cascading timeout across services,0,,,57474,
2026-01-12T08:59:56.346000,1768226396346000000,1768226396348899817,2899817,2.899817,cart,1beb344fdb4a07786da2255a26473b21,82f0f73cf03b0f30,,GET /cart/:id,2,GET,200,/cart/6818,http://cart:8080/cart/6818,cascading_failure,anomalous,service_dependency_timeout,cascading timeout across services,0,,,57480,
2026-01-12T08:59:56.683000,1768226396683000000,1768226396686689559,3689559,3.689559,cart,048ff24342227675c4e01304d18108ae,595b3e117c656891,,DELETE /cart/:id,2,DELETE,200,/cart/6818,http://cart:8080/cart/6818,cascading_failure,anomalous,service_dependency_timeout,cascading timeout across services,0,,,57482,
2026-01-12T08:59:59.705000,1768226399705000000,1768226399715981075,10981075,10.981075,cart,b6deb86a5f475555f55a9c396191c597,c0e2f8144332cfa4,,GET /add/:id/:sku/:qty,2,GET,404,/add/3551/INVALID-1768226399621/1,http://cart:8080/add/3551/INVALID-1768226399621/1,cascading_failure,anomalous,service_dependency_timeout,cascading timeout across services,0,,,57498,
2026-01-12T08:59:59.268000,1768226399268000000,1768226399271689021,3689021,3.689021,catalogue,7b451de28c360d19544c134617968f9f,f189e98a7be0cacc,,GET /product/:sku,2,GET,404,/product/INVALID-1768226399184,http://catalogue:8080/product/INVALID-1768226399184,cascading_failure,anomalous,service_dependency_timeout,cascading timeout across services,0,,,54364,
2026-01-12T09:00:00.149000,1768226400149000000,1768226400152091702,3091702,3.091702,cart,0ef3ee19e4515cc2d401747d2b631c36,89e6ebf98ba4a932,,GET /cart/:id,2,GET,404,/cart/3551,http://cart:8080/cart/3551,cascading_failure,anomalous,service_dependency_timeout,cascading timeout across services,0,,,57508,
2026-01-12T09:00:02.819000,1768226402819000000,1768226402831257851,12257851,12.257851,cart,a443fd964164e5e0c0df924bdbccf4b4,7a2e13a6157a187f,,GET /add/:id/:sku/:qty,2,GET,404,/add/1558/CNA/1,http://cart:8080/add/1558/CNA/1,cascading_failure,anomalous,service_dependency_timeout,cascading timeout across services,0,,,48158,
2026-01-12T09:00:03.165000,1768226403165000000,1768226403180379549,15379549,15.379549,cart,78a1c519fe17c1021b9e253aea4c381f,7cc7230c07b78d16,,GET /add/:id/:sku/:qty,2,GET,200,/add/1558/SHCE/1,http://cart:8080/add/1558/SHCE/1,cascading_failure,anomalous,service_dependency_timeout,cascading timeout across services,0,,,48164,
2026-01-12T09:00:03.514000,1768226403514000000,1768226403527804719,13804719,13.804719,cart,d61802e948db20d95f92a582e94703fc,50d79f8bf24a1b6d,,GET /add/:id/:sku/:qty,2,GET,200,/add/1558/EPE/1,http://cart:8080/add/1558/EPE/1,cascading_failure,anomalous,service_dependency_timeout,cascading timeout across services,0,,,48170,
2026-01-12T09:00:03.863000,1768226403863000000,1768226403866456044,3456044,3.456044,cart,f152cddc21ecb189fc6a5a37e38f967c,efccd029f0bfdc92,,GET /cart/:id,2,GET,200,/cart/1558,http://cart:8080/cart/1558,cascading_failure,anomalous,service_dependency_timeout,cascading timeout across services,0,,,48180,
2026-01-12T09:00:04.201000,1768226404201000000,1768226404204098475,3098475,3.098475,cart,65dd741ff2b326e38f75d43036b1aa96,8cd52607e6f046db,,GET /cart/:id,2,GET,200,/cart/1558,http://cart:8080/cart/1558,cascading_failure,anomalous,service_dependency_timeout,cascading timeout across services,0,,,48190,
2026-01-12T09:00:04.539000,1768226404539000000,1768226404541687364,2687364,2.687364,cart,3eb62e8ef837b58ee608a8416b9940eb,78132ff301d7e9e7,,DELETE /cart/:id,2,DELETE,200,/cart/1558,http://cart:8080/cart/1558,cascading_failure,anomalous,service_dependency_timeout,cascading timeout across services,0,,,48192,
